{"cameraMode":{"drawMode":0,"name":"Shaded","section":"Shading Mode"},"sceneLighting":true,"audioPlay":false,"sceneViewState":{"m_AlwaysRefresh":false,"showFog":true,"showSkybox":true,"showFlares":true,"showImageEffects":true,"showParticleSystems":true,"showVisualEffectGraphs":true,"m_FxEnabled":true},"in2DMode":false,"pivot":{"x":92.69246673583985,"y":55.60077667236328,"z":120.45413208007813},"rotation":{"x":0.20480401813983918,"y":0.26626646518707278,"z":-0.05800584703683853,"w":0.9401068687438965},"size":30.13294219970703,"orthographic":true}