{"cameraMode":{"drawMode":0,"name":"Shaded","section":"Shading Mode"},"sceneLighting":true,"audioPlay":false,"sceneViewState":{"m_AlwaysRefresh":false,"showFog":true,"showSkybox":true,"showFlares":true,"showImageEffects":true,"showParticleSystems":true,"showVisualEffectGraphs":true,"m_FxEnabled":true},"in2DMode":false,"pivot":{"x":-1.5125670433044434,"y":2.1774582862854006,"z":0.6941437721252441},"rotation":{"x":0.2793799042701721,"y":0.19697363674640656,"z":-0.058673202991485599,"w":0.9379290342330933},"size":10.357301712036133,"orthographic":true}