{"cameraMode":{"drawMode":0,"name":"Shaded","section":"Shading Mode"},"sceneLighting":true,"audioPlay":false,"sceneViewState":{"m_AlwaysRefresh":false,"showFog":true,"showSkybox":true,"showFlares":true,"showImageEffects":true,"showParticleSystems":true,"showVisualEffectGraphs":true,"m_FxEnabled":true},"in2DMode":false,"pivot":{"x":-6.4858551025390629,"y":22.337852478027345,"z":-5.292375564575195},"rotation":{"x":0.2793799042701721,"y":0.19697363674640656,"z":-0.058673202991485599,"w":0.9379290342330933},"size":12.850948333740235,"orthographic":true}