{"cameraMode":{"drawMode":0,"name":"Shaded","section":"Shading Mode"},"sceneLighting":true,"audioPlay":false,"sceneViewState":{"m_AlwaysRefresh":false,"showFog":true,"showSkybox":true,"showFlares":true,"showImageEffects":true,"showParticleSystems":true,"showVisualEffectGraphs":true,"m_FxEnabled":true},"in2DMode":false,"pivot":{"x":140.06039428710938,"y":103.15597534179688,"z":217.01797485351563},"rotation":{"x":0.3900388777256012,"y":0.4410178065299988,"z":-0.22125573456287385,"w":0.7774481773376465},"size":14.284915924072266,"orthographic":true}