{"cameraMode":{"drawMode":0,"name":"Shaded","section":"Shading Mode"},"sceneLighting":true,"audioPlay":false,"sceneViewState":{"m_AlwaysRefresh":false,"showFog":true,"showSkybox":true,"showFlares":true,"showImageEffects":true,"showParticleSystems":true,"showVisualEffectGraphs":true,"m_FxEnabled":true},"in2DMode":false,"pivot":{"x":-6.678869247436523,"y":7.398445129394531,"z":-15.988504409790039},"rotation":{"x":0.2793799042701721,"y":0.19697363674640656,"z":-0.058673202991485599,"w":0.9379290342330933},"size":10.400799751281739,"orthographic":true}