{"cameraMode":{"drawMode":0,"name":"Shaded","section":"Shading Mode"},"sceneLighting":true,"audioPlay":false,"sceneViewState":{"m_AlwaysRefresh":false,"showFog":true,"showSkybox":true,"showFlares":true,"showImageEffects":true,"showParticleSystems":true,"showVisualEffectGraphs":true,"m_FxEnabled":true},"in2DMode":false,"pivot":{"x":2.6778955459594728,"y":0.5199999213218689,"z":-0.24160714447498322},"rotation":{"x":0.3251933753490448,"y":-0.6726886034011841,"z":0.5013695955276489,"w":0.43631336092948916},"size":7.83504056930542,"orthographic":true}