{"cameraMode":{"drawMode":0,"name":"Shaded","section":"Shading Mode"},"sceneLighting":true,"audioPlay":false,"sceneViewState":{"m_AlwaysRefresh":false,"showFog":true,"showSkybox":true,"showFlares":true,"showImageEffects":true,"showParticleSystems":true,"showVisualEffectGraphs":true,"m_FxEnabled":true},"in2DMode":false,"pivot":{"x":118.78663635253906,"y":9.375045776367188,"z":103.81600952148438},"rotation":{"x":0.4477270543575287,"y":0.1853344589471817,"z":-0.09543026983737946,"w":0.8695334196090698},"size":26.624099731445314,"orthographic":true}